id	lemma	level	score
EN6078	nigga	conservative	5.0
EN6094	niggar	conservative	5.0
EN1918	retard	conservative	5.0
EN7314	retarded	conservative	5.0
EN6099	jigaboo	conservative	5.0
EN6005	mongoloids	conservative	5.0
EN2825	cunts	conservative	5.0
EN1933	cunt	conservative	5.0
EN2814	cunt-splice	conservative	5.0
EN2455	faggot	conservative	5.0
EN6011	mongoloid	conservative	5.0
EN6083	niggers	conservative	5.0
EN2436	faggoty	conservative	5.0
EN6095	niggas	conservative	5.0
EN6076	nigger-lover	conservative	5.0
EN6098	nigger	conservative	5.0
EN4599	kike	inclusive	4.9
EN633	retardation	inclusive	4.9
EN164	retards	inclusive	4.9
EN4529	poofter	inclusive	4.6
EN1321	muthafucker	conservative	4.4
EN1315	mother-fucker	conservative	4.4
EN1911	moronic	conservative	4.4
EN1300	mutha fucka	conservative	4.4
EN533	fuckhead	conservative	4.4
EN1893	imbecile	conservative	4.4
EN1909	moron	conservative	4.4
EN1902	cretin	conservative	4.4
EN1917	moronism	conservative	4.4
EN6994	bastard	conservative	4.4
EN510	twat	conservative	4.4
EN1320	whoreson	conservative	4.4
EN1307	prick	conservative	4.4
EN1289	motherfucking	conservative	4.4
EN1297	shit	conservative	4.4
EN4818	assholes	conservative	4.4
EN1302	motherfuck	conservative	4.4
EN526	shithead	conservative	4.4
EN1303	asshole	conservative	4.4
EN4837	asshole-ery	conservative	4.4
EN1317	motherfucka	conservative	4.4
EN1322	motherfuckers	conservative	4.4
EN1323	mother fucker	conservative	4.4
EN7586	shit-for-brains	conservative	4.4
EN1312	motherfucker	conservative	4.4
EN4450	whoremongers	conservative	4.0
EN6584	bollocks	conservative	4.0
EN896	whore	conservative	4.0
EN8253	nazi	conservative	4.0
EN2678	wankers	conservative	4.0
EN2312	fucknut	conservative	4.0
EN2453	poof	conservative	4.0
EN3772	whoremonger	conservative	4.0
EN2339	"history of the word ""fuck"""	conservative	4.0
EN2329	fuck-up	conservative	4.0
EN1934	bitch	conservative	4.0
EN1935	bitch-slap	conservative	4.0
EN4461	whore-mongering	conservative	4.0
EN1932	sons of bitches	conservative	4.0
EN4458	whored	conservative	4.0
EN4448	whores	conservative	4.0
EN936	man-whores	conservative	4.0
EN4431	whoremongering	conservative	4.0
EN2377	fuck!	conservative	4.0
EN943	man-whore	conservative	4.0
EN4266	fuck	conservative	4.0
EN143	imbeciles	inclusive	4.0
EN7139	cretinous	inclusive	4.0
EN2675	cretinism	inclusive	4.0
EN2364	what the fuck?	conservative	4.0
EN2332	fucking	conservative	4.0
EN2309	"etymology of the word ""fuck"""	conservative	4.0
EN4454	whore-monger	conservative	4.0
EN2673	cretins	inclusive	4.0
EN4445	whore-mongers	conservative	4.0
EN3086	diddly-shit	conservative	4.0
EN916	slut	conservative	4.0
EN2689	cripple	inclusive	4.0
EN2328	fuckers	conservative	4.0
EN2671	cretinisim	inclusive	4.0
EN2321	fuck-head	conservative	4.0
EN911	sluts	conservative	4.0
EN2681	wanker	conservative	4.0
EN5230	moronity	inclusive	4.0
EN204	buttfucker	inclusive	3.8
EN269	assfuck	inclusive	3.8
EN1327	whoresons	inclusive	3.8
EN251	buggering	inclusive	3.8
EN696	bollocks.	inclusive	3.8
EN211	ass-fucking	inclusive	3.8
EN5217	apeshit	inclusive	3.8
EN1589	bugger	inclusive	3.8
EN1335	bastardly	inclusive	3.8
EN743	barbarians	conservative	3.3
EN732	savage	conservative	3.3
EN729	barbarian	conservative	3.3
EN870	stupid	conservative	3.3
EN516	idiot	conservative	3.3
EN534	dumbass	conservative	3.3
EN1923	idiotic	conservative	3.3
EN1907	idiots	conservative	3.3
EN5010	liar	conservative	3.3
EN1293	dickhead	conservative	3.3
EN7525	degenerate	conservative	3.3
EN858	sucker	conservative	3.0
EN1895	changeling	conservative	3.0
EN899	sluttish	conservative	3.0
EN1916	half-wit	conservative	3.0
EN2450	faggedy	conservative	3.0
EN882	dumbbell	conservative	3.0
EN1913	stupidhead	conservative	3.0
EN6001	mongloids	conservative	3.0
EN2195	dick	conservative	3.0
EN909	sluttishly	conservative	3.0
EN2457	fairy	conservative	3.0
EN1922	idiotes	conservative	3.0
EN2991	nitwit	conservative	3.0
EN901	slutteries	conservative	3.0
EN2456	faggotry	conservative	3.0
EN1888	coward	conservative	3.0
EN1896	idioticness	conservative	3.0
EN3928	freak	conservative	3.0
EN2446	queer-identified	conservative	3.0
EN912	slutpuppy	conservative	3.0
EN2438	queer	conservative	3.0
EN922	sluttishness	conservative	3.0
EN908	sluttiness	conservative	3.0
EN6089	niggiz	conservative	3.0
EN914	slutiness	conservative	3.0
EN1938	bitchiness	conservative	3.0
EN1914	idiotism	conservative	3.0
EN905	slutte	conservative	3.0
EN2198	cock	conservative	3.0
EN900	slutty	conservative	3.0
EN920	slutting	conservative	3.0
EN6015	mongloid	conservative	3.0
EN913	sluttishnesses	conservative	3.0
EN7131	cowardly	conservative	3.0
EN902	sluttery	conservative	3.0
EN6097	niggaz	conservative	3.0
EN6100	niggah	conservative	3.0
EN6080	niggre	conservative	3.0
EN6091	coon	conservative	3.0
EN7590	rapist	conservative	3.0
EN3808	fascist	inclusive	2.8
EN5066	murderer	inclusive	2.8
EN2768	crossbred	inclusive	2.8
EN8215	zigan	inclusive	2.8
EN6114	niggish	inclusive	2.8
EN5376	mongol	inclusive	2.8
EN5044	incapable	conservative	2.7
EN1410	bungler	conservative	2.7
EN5952	stupidly	conservative	2.7
EN2555	montambanco	conservative	2.7
EN1728	rabble	conservative	2.7
EN625	chatterbox	conservative	2.7
EN871	pudden-head	conservative	2.7
EN6506	twaddler	conservative	2.7
EN4838	asshat	conservative	2.7
EN5935	stupidness	conservative	2.7
EN498	foolishness	conservative	2.7
EN5045	incompetent	conservative	2.7
EN496	stupidity	conservative	2.7
EN5947	stupidety	conservative	2.7
EN1385	fuckup	conservative	2.7
EN339	trash	conservative	2.7
EN396	brute	conservative	2.7
EN1299	arsehole	conservative	2.7
EN1311	muthafucka	conservative	2.7
EN5957	stupidities	conservative	2.7
EN7502	silly	conservative	2.7
EN511	jackass	conservative	2.7
EN4814	asshattery	conservative	2.7
EN1779	worthless	conservative	2.7
EN1133	blabbermouth	conservative	2.7
EN5953	stupidest	conservative	2.7
EN3440	midget	conservative	2.7
EN7585	plonker	conservative	2.7
EN5939	stupider	conservative	2.7
EN1319	mother fucka	conservative	2.7
EN504	goof	conservative	2.7
EN1107	knave	conservative	2.4
EN523	putz	conservative	2.4
EN443	ass-rape	conservative	2.4
EN940	rentboy	conservative	2.4
EN2029	slanderer	conservative	2.4
EN1929	beyotch	conservative	2.4
EN2985	lummox	conservative	2.4
EN1705	bum	conservative	2.4
EN513	fool	conservative	2.4
EN1746	miscreants	conservative	2.4
EN532	blockhead	conservative	2.4
EN525	dolt	conservative	2.4
EN459	assrape	conservative	2.4
EN1741	scoundrel	conservative	2.4
EN4425	whoredom	conservative	2.4
EN529	dunce	conservative	2.4
EN1058	foolish	conservative	2.4
EN437	assraped	conservative	2.4
EN442	ass-raped	conservative	2.4
EN906	slutz	conservative	2.4
EN4964	deceiver	conservative	2.2
EN723	brigand	conservative	2.2
EN1066	bigotry	conservative	2.2
EN1064	bigot	conservative	2.2
EN1235	pig	conservative	2.2
EN3196	hypocrite	conservative	2.2
EN1063	bigots	conservative	2.2
EN1695	git	conservative	2.2
EN4246	goof-off	conservative	2.2
EN1703	lowlife	conservative	2.2
EN1065	bigoted	conservative	2.2
EN4965	cheater	conservative	2.2
EN4963	cheat	conservative	2.2
EN4966	immoral	conservative	2.2
EN3200	hypocrites	conservative	2.2
EN6832	wastrel	conservative	2.2
EN3677	immorality	conservative	2.2
EN1987	calumniators	inclusive	2.1
EN1117	malefactor	inclusive	2.1
EN1972	calumniator	inclusive	2.1
EN1962	slanderers	inclusive	2.1
EN1884	sissy	conservative	2.1
EN7364	snob	conservative	2.1
EN4217	pussies	conservative	2.1
EN5440	nerd	conservative	2.1
EN2815	pussy	conservative	2.1
EN1882	wimp	conservative	2.1
EN6671	gyp	inclusive	2.1
EN4701	buffoon	inclusive	2.0
EN3549	immoralist	inclusive	2.0
EN4700	clown	inclusive	2.0
EN3583	amorally	inclusive	2.0
EN3622	immorals	inclusive	2.0
EN3544	immoralities	inclusive	2.0
EN3906	buffoonery	inclusive	2.0
EN3543	immorally	inclusive	2.0
EN3564	immoralists	inclusive	2.0
EN3551	immoralism	inclusive	2.0
EN3911	buffoons	inclusive	2.0
EN7995	amoral	inclusive	2.0
EN1232	sloven	conservative	1.9
EN5562	fatshit	conservative	1.9
EN2053	scum	conservative	1.9
EN1234	slob	conservative	1.9
EN1883	pansy	conservative	1.9
EN4343	nag	inclusive	1.9
EN3083	diddlyshit	conservative	1.9
EN1886	wuss	conservative	1.9
EN1890	crybaby	conservative	1.9
EN7077	snotty	conservative	1.8
EN6856	mendicant	conservative	1.8
EN2454	homophobic slurs	conservative	1.8
EN5436	nerdiness	conservative	1.8
EN3744	ponce	conservative	1.8
EN2677	wankiest	conservative	1.8
EN2523	cowardliness	conservative	1.8
EN2684	wanky	conservative	1.8
EN2680	wankily	conservative	1.8
EN2522	cowardlinesses	conservative	1.8
EN4210	busybody	conservative	1.8
EN2682	tosser	conservative	1.8
EN2094	pederast	conservative	1.8
EN2683	wankier	conservative	1.8
EN2366	fuckier	conservative	1.8
EN2520	cowardices	conservative	1.8
EN2376	fuckin	conservative	1.8
EN4077	pro-fascist	conservative	1.8
EN6911	wank	conservative	1.8
EN2358	fucked	conservative	1.8
EN2346	fuckiest	conservative	1.8
EN2519	cowardice	conservative	1.8
EN7136	whoremaster	conservative	1.8
EN2934	rabble-rouser	conservative	1.8
EN2349	fuckin'	conservative	1.8
EN4346	miscreant	conservative	1.8
EN2334	fuckingly	conservative	1.8
EN2311	fuckwad	conservative	1.8
EN6213	swine	inclusive	1.7
EN1246	mongrel	inclusive	1.6
EN668	bollock	inclusive	1.6
EN670	bollocking	inclusive	1.6
EN3115	filth	inclusive	1.6
EN645	whorehouse	inclusive	1.6
EN226	buttfuck	inclusive	1.5
EN5590	pederastic	inclusive	1.5
EN277	assfucking	inclusive	1.5
EN5580	pederasty	inclusive	1.5
EN258	fudgepacker	inclusive	1.5
EN257	assfucked	inclusive	1.5
EN205	buttfucking	inclusive	1.5